Sr. No.,Filename,Struct/Dsect,Name
1,cclwrcw.hpp,LwrCommon,invalidSeNumber
2,cclwrcw.hpp,LwrCommon,invalidCardNumber
3,cclwrcw.hpp,LwrCommon,invalidAmount
4,cclwrcw.hpp,LwrCommon,invalidSecurityCodeLength
5,lwrpauth.hpp,PlasticAuth,exitIndicator
6,lwrpauth.hpp,PlasticAuth,editError4dbc
7,cclwrpo.hpp,PlasticAuth,appliedPaddingToInput4DBC
8,cclwrcw.hpp,LwrCommon,gnaBalXferInd
9,cclwrcw.hpp,LwrCommon,specialRoutingMember
10,casvis.hpp,CasVision1,plastAuthActive
11,casvis.hpp,CasVision1,carverActive
12,lwrpauth.hpp,PlasticAuth,tableCollectedIndicator
13,cclwrcw.hpp,LwrCommon,entryIndicator
14,ccle2e2.hpp,Le2generalHeader,messageType
15,ccir1ir.hpp,Ir1irHeader,transactionCode
16,cclwrcw.hpp,LwrCommon,transactionSourceOfInput
17,cclwrcw.hpp,LwrCommon,securityCode.length
18,cclwrcw.hpp,LwrCommon,securityCode.data1
19,cclwrcw.hpp,LwrCommon,securityCode.data2
20,ccle2e2.hpp,Le2InputMessageFields,expirationDate
21,cclwrcw.hpp,LwrCommon,expressPay
22,cclwrnd.hpp,LWRND_DERIVED,lsWalletProviderIndicator
23,cclwrcw.hpp,LwrCommon,canadaEmvContactless
24,cclwris.hpp,Df61AcqToCas,df61AcqToCas.df61Length1
25,cclwrnd.hpp,LWRND_DERIVED,eCIIndicator1
26,cclwrnd.hpp,LWRND_DERIVED,aESKAuthResultCode1
27,cclwrcw.hpp,LwrCommon,keyed4dbcFromSwipe4dbc
28,cchsmra.hpp,VerifyCsc_35AV2,serviceCode
29,cclwrcw.hpp,LwrCommon,receivedIsoField47PassengerName
30,cclwrcw.hpp,LwrCommon,cidInquiryAttempt
31,ccle8e8.hpp,AuthInfo,inputCid
32,cclwrcw.hpp,LwrCommon,unscrambledInputCid
33,cclwrcw.hpp,LwrCommon,scrambledInputCid
34,cclwrcw.hpp,LwrCommon,unscrambled4dbcCid
35,cclwrcw.hpp,LwrCommon,match4dbc3csc
36,cclwrcw.hpp,LwrCommon,matchNoUncheck
37,cclwrpo.hpp,PlasticAuth,db3cscMatch
38,cclwrpo.hpp,PlasticAuth,reconstruct3cscMatch
39,ccl7e7e.hpp,L7e7e,hsmReturnCode
40,cclwrcw.hpp,LwrCommon,hsmUsed5csc
41,cclwrcw.hpp,LwrCommon,hsmMatch5csc
42,cclwrcw.hpp,LwrCommon,cvvMatchResult
43,cclwrcw.hpp,LwrCommon,aevvCasValidResult
44,cclwrcw.hpp,LwrCommon,cidioReturnCode
45,cidrec.hpp,AllCidRecords,numberOfCidRecords
46,cclwrpo.hpp,PlasticAuth,cidDbSelect
47,cclwrpo.hpp,PlasticAuth,MatchCidInd
48,cclwrpo.hpp,PlasticAuth,softCardResult
49,cclwrcw.hpp,LwrCommon,db5cid
50,cclwrcw.hpp,LwrCommon,db5csc
51,pauth.hpp,SelectWorkArea,db4csc
52,pauth.hpp,SelectWorkArea,db3csc
53,cclwrcw.hpp,LwrCommon,dbExpiredDateMmYy
54,cclwrcw.hpp,LwrCommon,dbEffectiveDateMmYy
55,cclwrcw.hpp,LwrCommon,dbCreateDateYyDdd
56,cclwrcw.hpp,LwrCommon,dbEmbossType
57,cclwrcw.hpp,LwrCommon,dbCardSecurityCodePresent
58,cclwrcw.hpp,LwrCommon,dbReissuedCard
59,cclwrcw.hpp,LwrCommon,dbEcrFlag
60,cclwrcw.hpp,LwrCommon,dbCrtFlag
61,cclwrcw.hpp,LwrCommon,dbPlzCallItemExists
62,cclwrcw.hpp,LwrCommon,dbItemAddChangeBy11
63,cclwrcw.hpp,LwrCommon,dbReconcileFlag
64,cclwrcw.hpp,LwrCommon,dbMassCorrectedFlag
65,cclwrcw.hpp,LwrCommon,dbItemAutoApprovalAdd
66,cclwrcw.hpp,LwrCommon,eligibleFor5csc
67,cclwrcw.hpp,LwrCommon,eligibleFor4dbc
68,cclwrcw.hpp,LwrCommon,eligibleFor3csc
69,ccl7d7d.hpp,BcisCidUpdateRecord,cardIdentifierCode
70,isocm.hpp,AmexCmNumber,bankIdNumber
71,isocm.hpp,AmexCmNumber,billingCycle
72,isocm.hpp,AmexCmNumber,terminalDigit
73,lwrpauth.hpp,PlasticAuth,vwDbCid
74,cclvwvw.hpp,CidReferralExceptionItem,forceReferTxnCid
75,cclvwvw.hpp,CidReferralExceptionItem,forceReferDbCid
76,cclvwvw.hpp,CidReferralExceptionItem,doNotForceReferTxnCid
77,cclvwvw.hpp,CidReferralExceptionItem,doNotForceReferDbCid
78,cclvvvv.hpp,LvvvvKey,cycleDigit
79,cclwrcw.hpp,LwrCommon,referInputTransactionCidDb
80,cclwrcw.hpp,LwrCommon,referDbRecordCidDb
81,cclwrcw.hpp,LwrCommon,dbCmFraudProbabilityScore
82,cclwrcw.hpp,LwrCommon,cidSentToCas
83,cclwrcw.hpp,LwrCommon,cidInStripe
84,cclwrcw.hpp,LwrCommon,franchiseDes5csc
85,cclwrpo.hpp,PlasticAuth,compromiseStatusCodeSummary
86,cclwrpo.hpp,PlasticAuth,compromisedCardTransactionSelectionCertainty
87,cclwrcw.hpp,LwrCommon,cardUseIndicator
88,cclwrcw.hpp,LwrCommon,embossDate.dbCompleteDate
89,ccle2e2.hpp,OtherCompanyBasicRecord,dateOfInput
90,cclwrcw.hpp,LwrCommon,expirationDateNotNumeric
91,cclwrcw.hpp,LwrCommon,expirationMonthGT12
92,cclwrcw.hpp,LwrCommon,expirationDateLTToday
93,cclwrcw.hpp,LwrCommon,effectiveDateNotNumeric
94,cclwrcw.hpp,LwrCommon,cidNotNumeric
95,cclwrcw.hpp,LwrCommon,cardNotEffective
96,cclwrcw.hpp,LwrCommon,unmatchedEffectiveDate
97,cclwrcw.hpp,LwrCommon,cidPresentNoExpDate
98,cclwrcw.hpp,LwrCommon,monthsTodayExp76
99,cclwrcw.hpp,LwrCommon,expiredCard
100,lwrrefer.hpp,LwrReferralResolution,expiredInputExpDate
101,lwrrefer.hpp,LwrReferralResolution,manualUnmatchedExpDate
102,cclwrcw.hpp,LwrCommon,referUnmatchedExpDate
103,cclwrcw.hpp,LwrCommon,relaxExpDateExempt
104,cclwrcw.hpp,LwrCommon,amexSeIndustryType
105,cclwrcw.hpp,LwrCommon,fasReferIndicator
106,cclwrcw.hpp,LwrCommon,requireExpDate
107,lwrpauth.hpp,PlasticAuth,cidDbExpiredDate
108,cclwrcw.hpp,LwrCommon,plasticLess
109,cclwrcw.hpp,LwrCommon,btaCorporate
110,cclwrcw.hpp,LwrCommon,unmatchedCid
111,cclwrcw.hpp,LwrCommon,invalidCid
112,cclwrcw.hpp,LwrCommon,referralControl
113,cclwrcw.hpp,LwrCommon,referralControl.seDb
114,cclwrcw.hpp,LwrCommon,referralControl.l6k6k
115,lwrpauth.hpp,PlasticAuth,referralControl.seCountryIndustry
116,lwrpauth.hpp,PlasticAuth,referralControl.seRegionIndustry
117,cclwrcw.hpp,LwrCommon,seDb.referCidReferralReasons
118,cclwrcw.hpp,LwrCommon,seDb.referExpiredCard
119,cclwrcw.hpp,LwrCommon,seDb.referUnmatchedKeyed4dbc
120,cclwrcw.hpp,LwrCommon,seDb.referSwipe4dbc
121,lwrpauth.hpp,PlasticAuth,seDb.referNoCid
122,cclwrcw.hpp,LwrCommon,seDb.referUnmatchedKeyedExpDate
123,cclwrcw.hpp,LwrCommon,referKeyed4dbc
124,cclwrcw.hpp,LwrCommon,l6k6k.referUnmatchedCid
125,cclwrcw.hpp,LwrCommon,l6k6k.referInvalidCid
126,cclwrcw.hpp,LwrCommon,l6k6k.referSwipe4dbc
127,cclwrcw.hpp,LwrCommon,l6k6k.referRequireExpDate
128,cclwrcw.hpp,LwrCommon,l6k6k.referRequireExpDateExemptBatch
129,cclwrcw.hpp,LwrCommon,refer3csc
130,cclwrcw.hpp,LwrCommon,thresholdExceeded
131,cclwrcw.hpp,LwrCommon,franchiseCard5DigitBin
132,cclwrcw.hpp,LwrCommon,actwarnOverrideExists
133,cclwrcw.hpp,LwrCommon,cardProduct
134,cclwrcw.hpp,LwrCommon,plastic
135,cclwrcw.hpp,LwrCommon,notRefFor
136,cclwrcw.hpp,LwrCommon,notRefFor.noCid
137,cclwrcw.hpp,LwrCommon,notRefFor.unmatchedCid
138,cclwrcw.hpp,LwrCommon,notRefFor.invalidCid
139,cclwrcw.hpp,LwrCommon,notRefFor.embossTable
140,cclwrcw.hpp,LwrCommon,notRefFor.fraudEmboss
141,cclwrcw.hpp,LwrCommon,notRefFor.dbCid
142,cclwrcw.hpp,LwrCommon,notRefFor.serviceEstablishment
143,lwrpauth.hpp,PlasticAuth,notRefFor.posLink
144,lwrpauth.hpp,PlasticAuth,notRefFor.manualCidRules
145,cclwrpo.hpp,PlasticAuth,notRefFor.matched3csc
146,cclwrcw.hpp,LwrCommon,notRefFor.issueMagSwipe
147,cclwrcw.hpp,LwrCommon,notRefFor.issue4dbc
148,lwrpauth.hpp,PlasticAuth,notRefFor.ecrSupport
149,lwrpauth.hpp,PlasticAuth,notRefFor.btaAccount
150,cclwrpo.hpp,PlasticAuth,notRefFor.inputCid
151,cclwrcw.hpp,LwrCommon,notRefFor.authorizerAssist
152,cclwrcw.hpp,LwrCommon,notRefFor.previousApproval
153,cclwrcw.hpp,LwrCommon,notRefFor.stripeExpiryDate30plus
154,cclwrcw.hpp,LwrCommon,notRefFor.dacFraudAlert
155,cclwrcw.hpp,LwrCommon,notRefFor.allCriticalDoNotPlsCall
156,cclwrcw.hpp,LwrCommon,deactivatedCardReferral
157,cclwrcw.hpp,LwrCommon,noCidRefProcessing
158,cclwrcw.hpp,LwrCommon,dbFetchAttempted
159,lwrpauth.hpp,PlasticAuth,recommendPlasticAuthReferral
160,cclwrcw.hpp,LwrCommon,creditRequestReferred
161,cclwrcw.hpp,LwrCommon,logReportInd
162,cclwrcw.hpp,LwrCommon,casApprovalCode
163,cclwrcw.hpp,LwrCommon,authorizerPhNumber
164,ccbr61ae.hpp,Br61LRec60,phoneExtension
165,cclwrcw.hpp,LwrCommon,editLogErrors
166,cclwrcw.hpp,LwrCommon,noCidRef
167,cclwrcw.hpp,LwrCommon,unmatchedSwipe4dbc
168,cclwrcw.hpp,LwrCommon,fraudEmbossRef
169,cccr21ae.hpp,Cr21LRec60,issuanceCode
170,cclwrpo.hpp,PlasticAuth,noValidTimeSlotForMagSwipeOfThisChipCard
171,cclwrpo.hpp,Repl900LwrpoItems,redYellowGreen
172,cclwrpo.hpp,Repl900LwrpoItems,repl900TransactionIndicator
173,cccr21ae.hpp,Cr21LRec60,stateCodeMailingAddress
174,pauth.hpp,SelectWorkArea,transactionIndicator
175,cclwrpo.hpp,PlasticAuth,trxnResult
176,cccr21ae.hpp,Cr21LRec60,cardTypeIndicator
177,ccl7e7e.hpp,L7e7e,embossType
178,pauth.hpp,CardSecurityCode,cm5csc
179,cccr21ae.hpp,Cr21LRec60,effectiveDateMmYy
180,cclsy77.hpp,M4Table,countryCode
181,ccir1ir.hpp,TransactionHistory,transactionSource
182,lwrpauth.hpp,PlasticAuth,editErrorExpDate
183,cccr21ae.hpp,Cr21LRec60,flagByte
184,cclwrpo.hpp,PlasticAuth,softCardValue
185,cccr21ae.hpp,Cr21LRec60,resultIndicator
186,ccl8y8y.hpp,FASRequest,clearControlVector2
187,ccwp1p1.hpp,Wp1p1,tsrgReason
188,cccr26ae.hpp,Cr26LRec66,cuctexp
189,cr28ae50.hpp,cr28ae50,kxliaind
190,cclwrcn.hpp,LwrcnVariableData,lwrcnReplacementReason
191,cccr28ae.hpp,AccountRecordOfCharge,unmatchedRocCaptureDate
192,ccwp1p1.hpp,Wp1p1,ssFiller2
193,ccpb0pb.hpp,ProcessBlock,oldSchdPayAmountBin
194,ccwp1p1.hpp,Wp1p1,cdssgSBFEInd
195,cccr26ae.hpp,Cr26LRec7E,addDate7E
196,ccl4q4q.hpp,CurrencyConversionTable,fromspares
197,cchsmra.hpp,ValidatePartialPin_184,encryptedPin2
198,cclwrcx.hpp,SEAggregator,totProdCASExpCASBDP
199,cccr21oe.hpp,OneExposureData,synchUpdateDate
200,xmltogrf.hpp,GroupItem,infoCode1
201,rantdac.hpp,Rant2DAC,derogValue
202,cclwrls.hpp,LinkSource,embededHeaders
203,cczcslr.hpp,ReturnParams,pinKeyVersion1Retrieved
204,cccrj1ae.hpp,CrJ1LRec20,crj120rcc
205,cclwrcx.hpp,OdysseyWCTAccumVar,totDolAprdWCT24hr
206,cclwrwr.hpp,LogRecordType,GNABTFraud
207,cclwrmz.hpp,LwrmzWkArea,lwrmz_bdarbinc
208,cclwrle.hpp,EASource,LwrleRecordSpace
209,ccacmev.hpp,AcmevBlock,corpClientId
210,ccdr40ae.hpp,Dr40WorkULI,IncomeExist
211,cclvmvm.hpp,CVMinfo,pintStatus
212,cckeydb.hpp,KeyDataFields,pOptHeader
213,ccpb0pb.hpp,ProcessBlock,controllingUserGroupNumber
214,cclwraw.hpp,LwrAccumWkArea,probBizTxn1month
215,cccr21ae.hpp,Cr21LRec66,monRemittanceAmt
216,cclwrpv.hpp,PayACHVariables,custAllWctPymt15to380
217,cclwrsv.hpp,SV_LogSRec,supportDataText
218,cchsmra.hpp,HsmRa,validatePartialPin_284
219,cccr26ae.hpp,Cr26LRec70,rvlvOpencur
220,ccl7a7a.hpp,Item1,creditOverrideIndicators
221,cclwrcx.hpp,CDSS5Phase3,percentPerRtlSpendLast30day
222,cclwrcc.hpp,CC_LogARecord,ddaLocCurrentTxnInd
223,ccl0k0k.hpp,OriginalDataArea,errorCodeTable
224,cclm1m1.hpp,DatabaseWorkBlock,savedOptionIndicators
225,cclwrpa.hpp,LwrPaymentWork,creditPath
226,ccl6a6a.hpp,AmexIso8583UniqueFields,cardCaptureCapability
227,wb4wb.hpp,WB4WB,wb4actno
228,otblapi.hpp,OTBL_Screen3,seTypeLpermWeeklyAvlblFunds
229,ccl5l5l.hpp,FirData,effRotationDt
230,ccdr40ae.hpp,Dr40LRec94,sbfeDelinqIndex
231,cclwrwr.hpp,LogRecordType,logLSublogX
232,cclwry3.hpp,LwrY3ELogArea,aavLastnm
233,cclwrgc.hpp,CreditTransformationArea,creditTransform180
234,cclhphp.hpp,ItemsC,comp
235,cclwraw.hpp,LwrAccumWkArea,cmti24Ct
236,cccr41ae.hpp,Cr41ae,transAmtSdvTd
237,paydbapi.hpp,PaymentOption,minNumberOfReturns
238,cclwrnd.hpp,LWRND_DERIVED,df43AggregatorAddressLen
239,cclwrwr.hpp,LwrRegisters,lwrR4
240,cclwrs2.hpp,SE_LogS2Record,verificationCode2Digits4
241,seaccxml.hpp,seDlrIdVariables,seAvgMonthlyTransactionVolumeMatches
242,cclwrg0.hpp,G0_Log0Record,numChargesLimit
243,cclwrgl.hpp,GL_Utilization,klWeeklyUtilVarTransAmt
244,ccli7i7.hpp,CmsbItem,locationYr
245,ccli7i7.hpp,CmadItem,addrChgMM
246,ccpb0pb.hpp,ProcessBlock,polkFileInfoSaveArea
247,selact.hpp,Sel_Act_Item,sel_ebrout
248,cccre2ae.hpp,CrE2LRec25,cre2rcc
249,ccl0k0k.hpp,VisaIso8583,fileNameLength
250,cccrj1ae.hpp,CrJ1LRec90,crj1rc2
251,ccdr40ae.hpp,Dr40LRecA1,nonTrCSBSOtb
252,ccmqhdrg.hpp,MqHeaderTypeG,correlationId
253,cclssss.hpp,SsTable,beginCycleCutDate
254,cccr26ae.hpp,Cr26LRec7C,noInvolClosedTrade24Mon
255,cclwroe.hpp,LwrOneExp,acctLevel
256,ccle2e2.hpp,Le2SystemDerGenData,bankIssuerNumber
257,ccluiui.hpp,Luient,referalAgeCash
258,ccl7d7d.hpp,BasicCreditInputSegment,oneTimeCharge63SupportIndic
259,ccactapi.hpp,AcctDBParms,outputBuf
260,ccwp1p1.hpp,Wp1p1,cbfcoIndicator
261,cclwrdn.hpp,Lwrdn,PaEmIAnDec6Hr
262,cccr26ae.hpp,Cr26LRec70,allTrdTotalMoPay
263,cclg1g1.hpp,TempLimitsRecord,tempProdCodeExpireDte
264,ccl5z5z.hpp,Fir,allowPOS
265,cccre1ae.hpp,CrE1LRec8B,cre18b_rtspdc90
266,ccdr40ae.hpp,Dr40LRec36,groupId2
267,ccainio.hpp,AinioAirlineInternetData,transponderLength
268,cclwroe.hpp,LwrOneExp,pdrTotBen
269,ccdr40ae.hpp,Dr40LRec5D,accstScrHi
270,cczcslr.hpp,GenerateCscAndVCscEncryptedValues,OP_Csc4EncrptCd_VAR
271,cclwrcw.hpp,LwrCommon,glOtbGrmsExposureOverlayInUsdWork
272,cclx3x3.hpp,KblkTripletKeyData,LstUseCMD
273,ccl7d7d.hpp,Amex15DigitNumber,creditRepacementCode
274,ccdr40ae.hpp,Dr40LRec92,wwicItem
275,cclwrle.hpp,LwrleDF47EAPlus,LwrleEAPlusDF47IACDepDate
276,cclwrdw.hpp,Lwrdw,cmcSeqNbr
277,cclnazk.hpp,Lnazk,lnazk_bcity
278,ccpb0pb.hpp,ProcessBlock,newExpiryDateMonthAttribute
279,cclwrcx.hpp,DeferPymtPlanVar,ratioOutStandDPPBal
280,cchsmra.hpp,KeyBlkReplyDetails,noOfOptBlks
281,cclwrcx.hpp,SEAggregator,numApprovedTxn
282,ccl5l5l.hpp,FirData,offlnSettleInd
283,cclaxax.hpp,Isskys1408,issPrv1
284,ccdr40ae.hpp,Dr40LRec7B,abilitypay
285,ccor6dae.hpp,DataType06,iso8583len6
286,cclt2t2.hpp,Lt2vara,lt2osp1
287,cclwrdw.hpp,CreditRules,otbtestrul2
288,ccicnwk.hpp,infoFromCB82,lt3t3_address
289,cclwraw.hpp,LwrAccumWkArea,minsnasg
290,lwrargrm.hpp,lwrHshdItem,history60DaysAmount
291,cclhphp.hpp,AccountSE,accountFiller
292,cclscsc.hpp,SupportTable,inputFieldCount
293,cclwrlg.hpp,LG_LogARecord,seBFSCode
294,ccle2e2.hpp,ResponseResolutionFields,remoteRefVoiceRespIndic
295,cctb8tb.hpp,NewTMSECBArea,function2
296,crj2ae3c.hpp,crj2ae3c,crj23cwwic
297,ccicnwk.hpp,icnwk_area,ptrToTransactionId
298,ccl8s8s.hpp,l8s8s,l8sgsl2
299,cclyyyy.hpp,WorkFieldArea,dolsWgtSEAvgCredit48Hrs
300,cclwrcw.hpp,LwrCommon,transactionMaximumGrmsRefer
301,cclvzvz.hpp,Lvzvz,lateResponse
302,ccl0k0k.hpp,mastercard8583,isoAcquirerID
303,ccor6dae.hpp,DataType03,lrExistingDollarAmount
304,ccor6dae.hpp,DataType0A,df60AccRev
305,cclwril.hpp,IL_LogRecord,currConversionLog
306,ealmmn.hpp,GetMonitorReply,MonitorNumber
307,ccvp2p2.hpp,Vp2p2,sE04
308,cclwrls.hpp,LinkSource,wctAimId
309,cccn4cn4.hpp,Lc4c4,TransIndicator
310,cclxwxw.hpp,Lxwxw,whyDeniedReasonItem
311,ccpb0pb.hpp,ProcessBlock,paymentDateWorkare
312,cclwroe.hpp,LwrOneExp,oneExpLength
313,cchsmra.hpp,HsmRa,genRandomNum_93
314,otblapi.hpp,OTBL_Screen2T,decliningBalIntlPermMontlyLimit
315,cclwrdn.hpp,Lwrdn,tod15mns
316,cclwrcw.hpp,LwrCommon,basicExposureAlertThreshold
317,ccl7kyy.hpp,L7kLittleY,tmsRecordLength
318,ccyk2k2.hpp,Yk2k2,Yk2_prdcdp
319,cclwry1.hpp,LwrY1ELogArea,lwry1_hdrdi
320,cccr41ae.hpp,Cr41ae,seLnMonthlyAverageVolume
321,cashref.hpp,CashPolicyReferralReasons,transactionIneligibleEFGKL
322,cc89counts.hpp,InputfromPS,Cntrr2
323,cmvdbapi.hpp,CmvDbApi,controlRoute
324,ccdr40ae.hpp,Dr40LRec94,intDelinqIndex
325,cre1ae60.hpp,cre1ae60,cre160_wcceacuw
326,ccl5l5l.hpp,TblMaint,chargeType
327,paydbapi.hpp,ReplacementStatus,cwAreaPtr
328,ccl5z5z.hpp,NtwkCount,dayOfWeek
329,ccdr40ae.hpp,Dr40LRec99,numOfProvisionsMask
330,ccicnwk.hpp,icnwk_area,foreignMerchantIndicator
331,lwrls.hpp,lwrls,lwrls_nw4csc
332,cclwrdw.hpp,Lwrdw,arrUnmatchedCID
333,cccr21ae.hpp,Cr21LRec7A,cmvEstmdByAssumgDefltBalIsLocN
334,cccr41ae.hpp,Cr41ae,seOpenChargeFraudIncidentRate
335,cclwrcx.hpp,OdysseyWCTAccumVar,totDolAprdWCT72hr
336,ccainio.hpp,AinioBTData,ainBTVendor
337,cccr41ae.hpp,Cr41ae,seAverageTicketSizeLast6Month
338,ccdr40ae.hpp,Dr40LRec5D,expiryDateIn
339,seaccxml.hpp,VarGroup,ftgRatioOnSEPREqlToNoCharges
340,cclwrvp.hpp,Lwrvp,AuthBeforePreauthStartDate
341,crciae40.hpp,crciae40,crci40clavxaif
342,cclwrpv.hpp,PayACHVariables,weightedMonthSum
343,ccgr01ae.hpp,Gr01LRec40,localNumberOfDaysLimit
344,cccr26ae.hpp,Cr26LRec7B,sowSpendMaxTransactBal
345,ccl7z7z.hpp,CustomerLvlInfo10,rcutnexp
346,ccle2e2.hpp,Le2SystemDerGenData,merchantStationNum
347,cclwrdw.hpp,PandaBackfeedRule,pandaBkfdTestRule2
348,cclwrvp.hpp,Lwrvp,MerchantSENotIncludedOnPreauth
349,cclwrcw.hpp,LwrCommon,pushTransAmtUSD
350,seaccxml.hpp,seDlrIdVariables,seAvgFraudPOSGBMmodelScore
351,crviae52.hpp,crviae52,crviae52_abangrt
352,cclwrdx.hpp,DX_LogARecord,dacTSGuideAmt
353,ccl5l5l.hpp,Common,ntwkReqNode
354,rpapi.hpp,GpinStatus,unlockStatus
355,ccl7e7e.hpp,L7e7e,allow11B
356,cchsmra.hpp,WithImk2Kcv,binmkKcvFlg
357,cccr41ae.hpp,Cr41ae,seCtgForUsOsbnCustomersWithLowRiskDbsic
358,cclwrgc.hpp,CreditTransformationArea,creditTransform099
359,cclwraw.hpp,LwrAccumWkArea,bcmNMt30
360,paydbapi.hpp,ReturnItemVer2,paymentMakerName
361,ccdr40ae.hpp,Dr40LRec52,cmAcctHiOutOfPattern
362,cccr21ae.hpp,Cr21LRec7A,pastDuePaymentAmount
363,ccl5z5z.hpp,Fir,lastInputMsgTm
364,ccdr40ae.hpp,Dr40LRec52,cmAcctAvgOutOfPattern
365,ccwp1p1.hpp,Wp1p1,csccsSource
366,cclcscs.hpp,defineDetNew,defineTrxType
367,ccfr06ae.hpp,Fr06LRec80,fr06iff
368,cctk0k0.hpp,TK0K0_TKNINQTResponse,updtSrceCd
369,cclwrle.hpp,LwrleDF47EAPlus,LwrleEAPlusDF47ITDEmailLen
370,ccwp1p1.hpp,Wp1p1,rrInfoCode2
371,ccle8e8.hpp,AuthInfo,aaCreditTree2
372,cclwrcx.hpp,GCPClientCDSSVar,cudvtt48
373,ccl7d7d.hpp,BcisCreditAnalysisData,preferredRefIndicator
374,ccl6a6a.hpp,AmexIso8583UniqueFields,acquiringInstitutionLength
375,cclwrg0.hpp,G0_Log0Record,addlFraudNetBen
376,crj2ae33.hpp,crj2ae33,crj233dat
377,ccli7i7.hpp,TbrrItem,localCurrRetnItemAmt
378,ccdr40ae.hpp,ProactClp,acctTenureLo2
379,cccr41ae.hpp,Cr41ae,sePercentAmountFromOPENLENDING
380,cccr81ae.hpp,Cr81LRec35,eventParticipationIndicator2
381,cccr26ae.hpp,Cr26LRec88,purgeDate88
382,ccl0k0k.hpp,Network,logon
383,ccpb0pb.hpp,ProcessBlock,ecPinMlrAlrts
384,cccr26ae.hpp,Cr26LRec66,rlmonths
385,cclwrdw.hpp,Lwrdw,CreReactCalcRul4GrpNo
386,ccl7e7e.hpp,L7e7e,track1Name
387,cclwrs2.hpp,SE_LogS2Record,aavResolutionCode
388,ccdr40ae.hpp,Dr40LRecA5,mxprbf48l
389,cclwrcw.hpp,LwrCommon,vstSameSeDealer
390,cclwrwr.hpp,LwrAddresses,address1CD
391,stoppymt.hpp,StopPaywork,Action
392,cclwrav.hpp,AavAddressItem,phoneLastUpdated3
393,cccr30ae.hpp,Cr30LRec5E,iataCountryCode
394,amapi.hpp,IrTable,irBnkMaskInd
395,ar41ci00.cpp,dataToRecord,newcmstatus
396,ccaddbm.hpp,AddbmBlock,ret460
397,ccli1i1.hpp,OptimaTapeFlatFileDetailRecord,timeChanged
398,lmpdtlg.hpp,LmpDt,filler9
399,cccrq3ae.hpp,CrQ3LRec20,crq320time
400,cclj1j1.hpp,LQ1Q1,fileHeader
401,crviae52.hpp,crviae52,crviae52_totpmcnt
402,ccpvcac.hpp,GetChargeVerificationItemOut,gcAuthResCode
403,ccl7z7z.hpp,AccountLvlInfo7,plasticIssueReasons
404,cclwrts.hpp,TimeStamp,REDS
405,cclwrgc.hpp,CreditTransformationArea,creditTransform235
406,ccdr40ae.hpp,Dr40LRec53,cdssProbTHi
407,cclwrcw.hpp,LwrCommon,partialCidMatch
408,seaccxml.hpp,IpGeoVariables,ipGeoMetroCode
409,cclwraw.hpp,LwrAccumWkArea,hvCmInd
410,unauth.hpp,UAWork,cr28Path
411,ccwp1p1.hpp,Wp1p1,checkAmount
412,cccr26ae.hpp,Cr26LRec7C,lastYearBalTransferCount
413,cclwrpo.hpp,PlasticAuth,totalCardShippedToZip9InLast120Days
414,cclwrgc.hpp,CreditTransformationArea,creditTransform050
415,ccbmcapi.hpp,BankApiLayouts,bankReturnCode
416,cclwraw.hpp,LwrAccumWkArea,dvidd30
417,ccl7d7d.hpp,BcisCreditAnalysisData,rcaLoggingIndicator
418,cc89counts.hpp,IpBlkforAsm,ConstantIp2
419,cclwrgm.hpp,lwrgmBlock,probrmRetrievalIndicator
420,crciae75.hpp,crciae75,crci75clwtpr
421,cced94hdr.hpp,RatesExpanded,FillBuyRteF2
422,lwrls.hpp,lwrls,lwrls_bin_lamt
423,cccr26ae.hpp,Cr26LRec7B,tenureOfPreferSpendCard
424,seaccxml.hpp,seDlrIdVariables,percentageOfTransInMar
425,ccpb0pb.hpp,ProcessBlock,cardmemberStreetAttribute
426,cchsmra.hpp,IO_ValidateArqc,arqc
427,cceapdm.hpp,d610respons,aavres
428,ccl7e7e.hpp,L7e7e,tempOrPermLimitInd3
429,cclwrro.hpp,Lwrro,ilmRequestLOC
430,cccr26ae.hpp,Cr26LRec88,bankruptcies_24months
431,cclwrdl.hpp,Lwrdl,frdNbchrtx
432,cclwrgm.hpp,lwrgmBlock,ceProbca
433,ccl2x2xt.hpp,TmsTable2X,source2CoreLocationF2g1
434,ccl0000.hpp,L00Item,databaseIdentifier
435,crciae43.hpp,crciae43,crci43clfss5p
436,cclwrwr.hpp,LwrAddresses,isoArea
437,ccea0ea.hpp,EA0EA_EARES,totalHits
438,cclgdwb.hpp,SaveAreaU,R0SaveAreaU
439,cccr21ae.hpp,Cr21LRecC5Header,enrolmentId
440,cchubgl.hpp,HubglGnaHubReplyMessage,msgReturnedDate
441,cclwrcz.hpp,LwrczWkArea,cmmaxvic
442,cchsmra.hpp,DerivedIMK,bmkFlg
443,cclwrcw.hpp,LwrCommon,unitedCdssMrcConverted2
444,ccodapr.hpp,InputMsg,usageIndicator
445,ccl0k0k.hpp,OriginalDataArea,mstDateMMDDYY
446,cccr21ae.hpp,Cr21LRec66,cr2166_P6_9
447,ccl0k0k.hpp,VisaIso8583,natlGeoData
448,ccli1i1.hpp,GlobalLimitsLogRecord,tempLimitReasonCode
449,ccdr40ae.hpp,Dr40LRec63,Lrec63PL6_Low
450,cchsmra.hpp,Opt2,lmkDelim
451,cclququ.hpp,LquItem,replyRejMax
452,cclwrro.hpp,Lwrro,diCreationDate
453,cccr41ae.hpp,Cr41ae,amtNoPrevVisit
454,ccwp1p1.hpp,Wp1p1,oiMonth
455,ccdr40ae.hpp,Dr40LRec63,DistBtwZipAndGeoHigh
456,cclo3o3.hpp,OneExpoFileMaintWork,workField1
457,ccl0k0k.hpp,mastercard8583,probTScore
458,ccdr40ae.hpp,Dr40LRec7D,highCustExternalRemitHi
459,cclgdwb.hpp,LGDWB,R4SaveArea
460,ccl0k0k.hpp,EPay,ticketNumber
461,cclwraw.hpp,LwrAccumWkArea,ngt_T30
462,ccl7e7e.hpp,L7e7e,itemVersionNum
463,cclo1o1.hpp,OneExpManualReAge,mraDate
464,cclwrgc.hpp,CreditTransformationArea,creditTransform239
465,cclwrdw.hpp,CardNumIso,cardnuum
466,wb4wb.hpp,WB4WB,wb4seldt
467,stoppymt.hpp,C217_NotifyStopPay_Input,sourceofTrx
468,ccl7z7z.hpp,CustomerLvlInfo6,sixMoHiShortTermProb
469,cclwroe.hpp,LwrOneExp,lwroe_oecuexc
470,cclwrle.hpp,LwrleDF47EnhanceAuthArea,LwrleAPDETicket
471,ccltrtr.hpp,AAEntry,conversation2Status
472,ccl0k0k.hpp,privateUseData4,currencyText
473,crciae41.hpp,crciae41,crci41clmx90p
474,ccl7e7e.hpp,L7e7e,optimaCheckbookKeyType
475,cccr26ae.hpp,Cr26LRec66,predefined5_h
476,cclwrav.hpp,AavAddressItem,phoneLastUpdated2
477,cccn3cn3.hpp,Lc3c3,Dis_DecisionRule2
478,ccnr04ae.hpp,Nr04LRec40,issuerAccessCode
479,cccr41ae.hpp,Cr41ae,defaultIndForCtg10pm359am
480,cclwrgc.hpp,CreditTransformationArea,creditTransform097
481,cclwrc2.hpp,Lwrc2,statuscodedata
482,cccr23ae.hpp,Cr23LRec86,mxwicAmount60
483,cchsmra.hpp,KO_EmvStaticAuthData,staticEmvDel
484,ccfr06ae.hpp,Fr06LRec80,fr0680mtod
485,seaccxml.hpp,seDlrIdVariables,percentageWeeklyTransOnSaturday
486,cccrinae.hpp,CrInLrec80,invoiceMatchedtoAr
487,cccr26ae.hpp,Cr26LRec75,hstActTrd60DpdCt
488,ccwp1p1.hpp,Wp1p1,famReason
489,xmltogrf.hpp,XmlToGrf,tsrUnitedDate
490,cre1ae60.hpp,cre1ae60,cre160_wccecccm
491,cclwrcx.hpp,CDSS5Phase3,percentTnESpendLast30day
492,ccwnega.hpp,CnegWorkArea,miscIndicator4
493,cclwrdw.hpp,ProactiveParaFlds2,tst2Prec
494,ccwp1p1.hpp,Wp1p1,ilFiller4
495,ccl9x9x.hpp,L9x9x,interimKey1stInd
496,nfcd0500.cpp,IJ_Table,Delimiter1
497,cclj2j2.hpp,OtherCompanyBlogRecord,timeofResp
498,cclwrcw.hpp,LwrCommon,expansionInd
499,cclm1m1.hpp,DatabaseWorkBlock,transactionSpendingVariance
500,cccr26ae.hpp,GcamData,allTrdOpenBal
501,ccea0ea.hpp,EA0EA_EARES,PScore
502,ccli1i1.hpp,GlobalLimitsCcibGoodTransactionLog,atmCashLineOfCreditHome
503,cccr21ae.hpp,FixedData,balanceForwardAmount
504,ccl7d7d.hpp,BcisSupport56,basicOrSupp
505,cclwrip.hpp,Cclwrip,ipGeoIpAndBillingStateMatchIndicator
506,ccli1i1.hpp,GlobalLimitsErrorLogRecord,dateOfBatchUpdate
507,cczcslr.hpp,SignSSAD,signatureSSAD_VAR_By1976
508,js01tbl.hpp,JsonField,fieldLen
509,ccli1i1.hpp,MccListDbLogRecord,mccTimePeriod
510,ccicnwk.hpp,icnwk_area,CB82info
511,cclj2j2.hpp,OtherCompanyBlogRecord,seFraudToGross
512,cclwrrf.hpp,Lwrrf,shippingBusinessPhoneActivity
513,cclwrcx.hpp,GCPClientCDSSVar,indCLCMUTL
514,cclwrcw.hpp,LwrCommon,basicPrevLocLmtCurrency
515,ccdr40ae.hpp,Dr40LRec45,ipCountry
516,cclwrvp.hpp,Lwrvp,token3EventType
517,ccl7z7z.hpp,CustomerLvlInfo4,corpProbabilityOfAttrition4
518,cashdb.hpp,CashPolicy,domesticLimit
519,cctr1tr.hpp,TrIDandSEmatchInterface,domainControlIndicator
520,ccl6a6a.hpp,PaymentPlanOptions,oneAboveRequestedPlanDetails
521,ccl7d7d.hpp,PaymentData7d,paymtMadeDate
522,cclwrcc.hpp,CC_LogARecord,fraudAuthStatCode3
523,crciae90.hpp,crciae90,crci90dateind
524,ccyk2k2.hpp,Yk2k2,yk2_phnnump
525,ccli7i7.hpp,XrsbItem,currDebitSign
526,ccodapr.hpp,zCryptoODAControlRecord,IccKeyAndCertResponseWorkStructure
527,cccr21ae.hpp,Cr21LRec60,parsAddNameDate
528,ccdr40ae.hpp,Dr40LRec10,walletRiskScore
529,cclwrlg.hpp,LG_LogARecord,globalLimitInd3
530,cclc4c4.hpp,Lc4c4Data,whyDenyForFraudRefCd
531,ccli1i1.hpp,GlobalLimitsCcibGoodTransactionLog,singleTranLimitIndex
532,cclwrse.hpp,SE_LogARecord,fraudRiskCatCode
533,cclwrgc.hpp,CreditTransformationArea,creditTransform063
534,cclwrts.hpp,TimeStamp,QH70ISTIME
535,ccyk2k2.hpp,Yk2k2,Yk2_mecaptsrc
536,cclwrnm.hpp,LWRNM_TRANS,TxAmtCcyOrig
537,ccl0k0k.hpp,Merchant,timeZoneDifference
538,ccyk2k2.hpp,Yk2k2,yk2_convdta
539,ccl0k0k.hpp,mastercard8583,deviverability
540,ccl3m3m.hpp,DraftInd,PersInd
541,cclwrga.hpp,GrmsCommonRedefine,probEven
542,cclayay.hpp,Layay,refferedcenterprint
543,seaccxml.hpp,IglVariables,iglConsumerChargeFraudIncidentRate
544,ns51hdr.hpp,RuleInfo,volRedInd
545,cclwrpv.hpp,WCTPaymentVariablelwr,aggMaxOOPWCTOpen
546,crciae41.hpp,crciae41,crci41clng12m
547,cclwrdw.hpp,ReallocRules,realloctestrulenum1
548,cclnaz3.hpp,PINreminderalert,comMethod
549,cclz5z5t.hpp,lz5z5t,gpinAlrtSendPblk
550,cccrciae.hpp,CrCILRec50,crci50salcnfcdl
551,ccc514api.hpp,InputMsg,cloudWalletProvID
552,cclwrls.hpp,LinkSource,ls4cscres
553,ccpb0pb.hpp,ProcessBlock,oldCardmemberStatus
554,ccl7e7e.hpp,L7e7e,accountDaysAgeThreshold
555,cclwrxa.hpp,XA_LogFRecord,filler_slotHdr
556,cclwrls.hpp,LinkSource,lstknststag
557,ccl3d3d.hpp,L3d3d,swooserPointer
558,ccl7d7d.hpp,Amex15DigitNumber,zeroFill
559,ccl6k6k.hpp,L6k6k,authorizationDate
560,cclwraw.hpp,LwrAccumWkArea,dolsSe24
561,cccrj1ae.hpp,CrJ1LRec86,crj186_p2_6
562,ccbr61ae.hpp,Br61LRec60,fileKey
563,ccl5l5l.hpp,FirData,chrgLocalFee
564,cscdfapi.hpp,algTable,indexila
565,ccl7e7e.hpp,L7e7e,plzCallProcessBitInd
566,crj2ae3c.hpp,crj2ae3c,crj23cdat
567,cclwrwr.hpp,LwrGrmRiskInterface,spareAddrGrme1
568,ccla1a1.hpp,LA1A1,lastProgramToUpdate
569,ccwp1p1.hpp,Wp1p1,ssFiller1
570,acawk.hpp,Acawk,aca_mktchk
571,cclwris.hpp,LwrIso,isSpareBytes
572,cchsmra.hpp,HsmStatus_AA,AMFK_name
573,cceadata.hpp,EA_DATA,ead_p_reg_em
574,cctk0k0.hpp,TK0K0_TKNADRResponse,uniqueIdRes
575,ccrstapi.hpp,GeniCSCElement,csc3CT
576,cccr41ae.hpp,Cr41ae,effectivenessFactorCredit
577,cclwraw.hpp,LwrAccumWkArea,probBizTxnTop3OPENnCCSG
578,cclwrpv.hpp,PayACHVariables,avgRemitInterval15to380
579,ccpvcac.hpp,GetChargeVerificationItemOut,gcAcct19
580,cccr41ae.hpp,Cr41ae,jbsCgServiceAllowed
581,cchsmra.hpp,HsmRa,responseToBK
582,ccdr40ae.hpp,Dr40LRec56,stdDevCtgGT60daysHi
583,ccl7z7z.hpp,CustomerLvlInfo10,billedBalSum30DPD1to12Months
584,ccnr04ae.hpp,Nr04LRec40,amexServiceFee
585,cclwrnd.hpp,LWRND_DERIVED,cvmCryptogram
586,cctk0k0.hpp,TK0K0_TKNINQAResponse,billcurrCode
587,lwrau.hpp,lwrau,lwrauhdl
588,ccmqhdrg.hpp,MqHeaderTypeG,messageId
589,otblapi.hpp,OTBL_Screen4,seTypeWtempWeeklyLimit
590,amapi.hpp,IrTable,irPaymentAwarenessInd
591,ccl5z5z.hpp,TrxnItem,amexIsoEquiv
592,ccgn0gn.hpp,SetUpToken,fpanLen
593,cclwrpa.hpp,LwrPaymentWork,hexMonths
594,cclwrdl.hpp,Lwrdl,wctRCOvl
595,casinq.hpp,InquiryOutputWWCP,numOfNoteLines
596,cclwrwr.hpp,LwrAddresses,address1E8
597,cclayay.hpp,Layay,fullauth
598,cclwrcn.hpp,LwrcnVariableGuidData,binaryGuid1forKeylt
599,cclwraw.hpp,LwrAccumWkArea,dissts15
600,ccwp1p1.hpp,Wp1p1,dsLiftDateDD
601,cclwrcw.hpp,frdMRC,firedMrc3
602,rg00work.hpp,l1616Item,updateStatusIndicator
603,ccebapp.hpp,FileProcessingData,plasticCardNumber
604,ccl7z7z.hpp,GrmsData,preDefinedP3_8
605,xmltogrf.hpp,XmlToGrf,requestMarketCode
606,cclretbl.hpp,LRETbl,lreItem
607,cclwrse.hpp,Lwrse,se_recordId
608,supwkrec.hpp,WorkRecord,paymentNumber
609,ccl8y8y.hpp,KOCreateCert896PubKeySignedBy1152Kprv,issKprvLength
610,ccwp1p1.hpp,Wp1p1,rdPartyContact
611,cccr26ae.hpp,Cr26LRec66,cubhiseg
612,ccdr40ae.hpp,Dr40LRec63,Lrec63PL8_Low
613,cclwrcc.hpp,CC_LogARecord,atmTerminalId
614,ccdr40ae.hpp,Dr40LRec45,spamIp
615,ccor6dae.hpp,DataType0A,df60Sf3EmailRev
616,cclo1o1.hpp,OneExposureTapeData,cashOnCharge
617,cczcslr.hpp,LI6item,O6Rsrc
618,ccl8y8y.hpp,XSHCESessionKey,btkname
619,cccr26ae.hpp,Cr26LRec75,noOfOpenTradeLines
620,l7r7r70.hpp,Seventy,approveSingleChargeLimit
621,ccln6n6.hpp,n60n6,authProcessing4
622,ccl8y8y.hpp,Key1152,selfcert
623,cclwrle.hpp,EASource,LwrleEnhAuthPlusIND4
624,ccl5l5l.hpp,FirData,varLenType
625,cclwrls.hpp,LinkSource,gnsSvcsStandInFields
626,ccainio.hpp,AinioAirlineInternetData,emailMaximum
627,ccpb0pb.hpp,ScriptDetails,rskScrStatus
628,ccl7z7z.hpp,GrmsData,randomizerVar10
629,ccl0k0k.hpp,VisaIso8583,acqInstData
630,ccl0k0k.hpp,AmexData,originalDataElementLength
631,ccurz3ae.hpp,NewKey80,keyBlockType_10
632,cccr26ae.hpp,Cr26LRec66,scmsngck
633,cclwrgc.hpp,CreditTransformationArea,creditTransform250
634,crj1ae95.hpp,crj1ae95,crj195_narauinc
635,ccecalrt.hpp,EcAlrtCr27Algo,path0
636,ccly3y3.hpp,Ly3y3,updTm
637,cccr21ae.hpp,Cr21LRec60,indByte1
638,cclwrcw.hpp,LwrCommon,stiValue
639,payachv.hpp,ReturnedTrigger,reasonCode
640,cclwrcw.hpp,LwrCommon,creditCdssMrcConverted9
641,cccr26ae.hpp,Cr26LRecC0,purgeDateC0
642,ccl3d3d.hpp,CorpPaymentVariable,averageRemitRatio210Days
643,cccrj1ae.hpp,CrJ1LRec84,crj184dat
644,ccf2gxputl.hpp,F2gxputl,i1rvkk31
645,cclwrts.hpp,TimeStamp,BP29ISS
646,cccr81ae.hpp,Cr81LRec3A,pinDeclinesReminderPINdate
647,cclr8p1.hpp,lr8p1,wescore
648,esiaccm.hpp,EsiAccumPayloadFull,numAccts
649,ccl0k0k.hpp,VisaIso8583,filesecurity
650,cclwrdw.hpp,Lwrdw,wctOtbTs2Amnt
651,ccl7l7l.hpp,L7l7l,lastTransactionProcessed
652,cccr26ae.hpp,Cr26LRec73,maxPastDueAmount
653,cclm6m6.hpp,TcpDevice,statusSpare
654,cclwrdw.hpp,Lwrdw,CrdTyp
655,cclwrcc.hpp,CC_LogARecord,probDelq
656,ccor03ae.hpp,Or03LRec90,merchantCity
657,cclwrwr.hpp,LwrAddresses,address1EE
658,ccll9l9.hpp,Ll9l9,processingIndicators
659,cclwrcx.hpp,GCPClientCDSSVar,indVarMRC7
660,cmvdbapi.hpp,CmvDbApi,controlFlexVar
661,cccr26ae.hpp,Cr26LRec66,pcoptdbt
662,cchsmra.hpp,OffsetToPin_182_Req,dec_data
663,cclwrts.hpp,TimeStamp,HASHASTM2
664,cclhphp.hpp,Lhphp_var,batchORMQfeed
665,ccl7p7p.hpp,L7p7p,returnedAddress
666,cclwrlg.hpp,LG_LogARecord,grmsOptimaReferrals
667,cclwraw.hpp,LwrAccumWkArea,dbc4Mtch
668,cclwrcw.hpp,LwrCommon,invalid5CidOrCscHsmFailed
669,lwrls.hpp,lwrls,lwrls_bin_famt
670,ccecalrt.hpp,TriggerEcAlerts,communicationMethod
671,cccr26ae.hpp,Cr26LRec7C,satisPayStatus
672,cccr41ae.hpp,Cr41ae,seCreditToGrossIntlCsbsCustomersDelinquent
673,cclwrmz.hpp,LwrmzWkArea,lwrmz_naatpval
674,otblapi.hpp,OTBL_Screen1,dateTempLimitsExp
675,ccl7z7z.hpp,CustomerLvlInfo10,momthsinSandTOSBNRelation
676,cclj2j2.hpp,OtherCompanyBlogRecord,casRespSec
677,cclg1g1.hpp,CasGLRec,cashBackIndicator
678,cceapdm.hpp,EAITDReq,AddData
679,cclwrip.hpp,Cclwrip,ipLowBoundary
680,cclt2t2.hpp,Lt2vara,lt2rstt
681,cclwrpv.hpp,DesiredPaymentVariables,opnChargeExpToCust12MonMaxRemit
682,cclwrle.hpp,EASource,LwrleRCPLRoutingInfo
683,ccdr40ae.hpp,Dr40LRec7D,nbrAcct30DaysPastDueHi
684,ccl7d7d.hpp,BcisCidwarnFromQfTbl,missingCid
685,cccr26ae.hpp,Cr26LRec88,cashLiquidAssets
686,ccl7d7d.hpp,ExternalInterfaceSaveArea,ocavQVerificationDigits
687,ccpb0pb.hpp,ProcessBlock,subroutineSaveArea4
688,ccl7z7z.hpp,CustomerLvlInfo6,shortTermProbability
689,ingest.hpp,ClientTable,numsockets
690,otblapi.hpp,OTBL_Screen4T,seTypeIntlSweeklyAvlblFunds
691,ccatminfo.hpp,Atminfo,cardHolderBillingCurrencyCode
692,cccr26ae.hpp,Cr26LRec75,levelAautonoOfMonthsSinceOpenDT
693,otblapi.hpp,OTBL_Screen3,seTypeKpermWeeklyLimit
694,cslapi.hpp,LogItem,hour1
695,ccisoae.hpp,ISOAE,reconcilationDate
696,lmpdtlg.hpp,LmpDt,newpayl
697,cclwrcw.hpp,LwrCommon,groupTypeIndicatorSlt3
698,cclwrdw.hpp,Lwrdw,arrPickUpCard
699,ccl7j7j.hpp,SupportFileLines,overrideRetentionDays
700,cccr21ae.hpp,Cr21LRec71,friSpareByte
701,ccdr40ae.hpp,Dr40LRec7F,va1fld
702,cclwraw.hpp,LwrAccumWkArea,cmnSe12
703,cccr26ae.hpp,Cr26LRecA0,mrTierCustomerEnrolled
704,ccli1i1.hpp,InstantDecisionLogRecord,sourceTypeCode
705,cclwrro.hpp,Lwrro,simulatorCasClocApprovedAmount
706,cchsmapi.hpp,LukWorkBlock,atcRangeStart
707,ccl7kqq.hpp,L7kqqPappcInfo,processPReturnCode
708,cccr41ae.hpp,Cr41ae,seCreditToGrossUsCcsgCutomersOutPatternLt2
709,cclwroe.hpp,LwrOneExp,pdrAccountLevelExposure
710,cclwrfc.hpp,FranchiseCardVariables,systemFlag
711,cccrcnae.hpp,CrCnLRecA6,lupcUsedIndicator
712,cccr21ae.hpp,Cr21LRec66,stBilledBalance
713,ccdr40ae.hpp,Dr40LRec5D,StrategyFlag1
714,ccl0k0k.hpp,ConfigurationDataArea,secondarySettleConnect
715,cclwrcn.hpp,LwrcnVariableGuidData,packAndScramble5Cid
716,ccl8y8y.hpp,XOConverttoKeyBlk,firmwareHdr
717,cccr26ae.hpp,Cr26LRec73,cbReasonCode4
718,ccpb0pb.hpp,ProcessBlock,addlBank2MaintDate
719,ccgnsapi.hpp,Gnsapi,gnsmod
720,ccli7i7.hpp,CcddItem,corpHierarchyCd
721,cccr81ae.hpp,ChipScriptItem81,scriptSentDate
722,cclwrwr.hpp,LogRecordType,InternationalDreamVariables
723,ccpb0pb.hpp,ProcessBlock,dpmPaymentAmount
724,cclwreg.hpp,LwregDailyFeedInfo,eg13monthDollarFundAtm60days
725,ccsolval.hpp,DbkHdr,tky
726,ccplogapi.hpp,PinLogInput,retCode
727,ccbr65ae.hpp,Br65LRec90,lastUsedDate
728,cclwrdw.hpp,Lwrdw,PandaBkfdDummyRule2GrpNo
729,cccr41ae.hpp,Cr41ae,seTransactingNumericCountryCode
730,ccir1ir.hpp,TransactionHistory,transactionRoutingNumber
731,ccl7h7h.hpp,l7h7hData,seLocation
732,ccdr40ae.hpp,Dr40LRec78,monthsSinceBkrptConsh
733,cclwrwr.hpp,LwrAddresses,grmsFraudVariablesArea
734,cclwry5.hpp,LwrY5ELogArea,basicCmLastName
735,ccli1i1.hpp,InstantDecisionLogRecord,timeMessageReturnedtoHub
736,cccr21ae.hpp,Cr21LRecA0,enterDate
737,ccld7d7.hpp,Ld7d7,secondary_id
738,ccwp1p1.hpp,Wp1p1,cardNumber15
739,cchsmra.hpp,KP_CertGeneration,iccCertificate
740,lwrls.hpp,lwrls,lwrls_df123_s1_sf5
741,cccr21ae.hpp,Cr21LRec7D,stdDeviationOfMaxDailyAge
742,ccdr40ae.hpp,Dr40LRec59,paybyDateIndicator
743,cccre2ae.hpp,CrE2LRec25,cre225in2
744,cclj2j2.hpp,OtherCompanyBlogRecord,cwLoggingTransaction
745,ccl7e7e.hpp,CreditHistEntryItemsBySeTypeAtoM,totalNumTrxnAtSeType
746,cclcscs.hpp,Lcscs,altGroupLongName
747,cccrj1ae.hpp,CrJ1LRec30,crj130_cdat
748,cceadata.hpp,EA_DATA,ead_p_regacct
749,cccracae.hpp,CrACLRecD2,ipBlockA
750,cclwrdn.hpp,Lwrdn,pandaDeviceMatrix
751,ccldtdt.hpp,LdtItem,authNdeFirOrd
752,cccre2ae.hpp,CrE2LRecC4,cre2c4_tme
753,ccsroute.hpp,SRoute,openTrafficInd
754,cclwrcw.hpp,LwrCommon,basicLocAlertEnrollment
755,cclwrnd.hpp,LWRND_DERIVED,lsFollowFobpath
756,cwsupp.hpp,Cwsupp,indicator5
757,ccl0r0r.hpp,L0rNegativeInfoItem,negativeRetentionPeriod
758,cccr26ae.hpp,Cr26LRec75,levelAopenMortgageStatusDelinq
759,cclwrdn.hpp,Lwrdn,EmIAnyDec24Hr
760,cccr26ae.hpp,Cr26LRec66,rlhdebti
761,tbgbg.hpp,BGTable,overlayField
762,ingest.hpp,CTB,eyecatch2
763,cclwrg1.hpp,LwrGlobalLimitsAccumArea,PlasticExposureToday3SeTypeE
764,ccdr40ae.hpp,Dr40LRec57,cocAvgCreditLo
765,ccpb0pb.hpp,ProcessBlock,bank3SchPayInd
766,ccgparm.hpp,GParmData,argument
767,ccf2gxputl.hpp,F2gxputl,i3r82k5d
768,cclwraw.hpp,LwrAccumWkArea,airRtt30
769,ccli1i1.hpp,GlobalLimitsCcibGoodTransactionLog,otherCashLineOfCreditHome
770,lwrargrm.hpp,lwrHshdItem,history30DaysAmount
771,ccl7e7e.hpp,L7e7e,preferred55BitInd
772,oneakapi.hpp,KylInput,Ordpassed
773,cclwrdw.hpp,Lwrdw,NonRefFrTestRl2GrpNo
774,msgqapi.hpp,MSGQAPI,inputrecordPtr
775,ccl7d7d.hpp,BcisCreditAnalysisData,terminalLocation
776,ccisoae.hpp,ISOAE,nationalUse1
777,rpapi.hpp,GpinStatus,lockStatus
778,cchsmra.hpp,NonVarKey,nonVariantKey
779,cccr41ae.hpp,Cr41aeKey55,dateTimeLastSeduUpdated
780,cccr26ae.hpp,Cr26LRec66,openasl1
781,hsmra.mac,HSMRA,HSM_4E_DL05
782,l7k7k.mac,L7K7K,L7K8T0
783,l7y7y.mac,L7Y7Y,L7Y1C243C
784,l7kll.mac,L7KLL,L7KLL_EQ_OTCCHNPR
785,lwrwr.mac,LWRWR,LWRACCT
786,gbm_vars.mac,GBM_VARS,GBM_CR2673SGNRVMMC
787,l7e7e.mac,L7E7E,L7EGAT1
788,lgcgc.mac,LGCGC,LGCCM_COMMPLSM
789,lyyyy.mac,LYYYY,LYYCFNDU01
790,li1i1.mac,LI1I1,LI1IMPB
791,zz48.asm,WORKAREA,R_SEQNUM
792,un0wk.mac,UN0WK,UN9U110
793,l7kqq.mac,L7KQQ,L7KQB_SLRTRMBL
794,l5k5k.mac,L5K5K,L5K1TS
795,l3p3p.mac,L3P3P,L3PORD
796,l7d7d.mac,L7D7D,L7DD3P4
797,l0k0k.mac,L0K0K,L0KV2FD
798,wk0wk.mac,WK0WK,WK0646
799,wp2p2.mac,WP2P2,WP2RPD
800,lg1g1.mac,LG1G1,LG1UPDN
801,yk3k3.mac,YK3K3,YK3_SDPFID
802,pb0bp.mac,PB0PB,REF_DATE
803,l7kgg.mac,L7KGG,L7KG_CUEXPRAT
804,av52.asm,WRKAREA,UPGIND
805,yc6a.asm,WK_BLCK,WK_CNKEY
806,lfa5l.mac,LFA5L,LFA5NADPF
807,l7kii.mac,L7KII,L7KIS_SWSATRB5
808,l8y8y.mac,L8Y8Y,L8Y_XQ_BIN
809,lx8x8.mac,LX8X8,LX8NFLL
810,l8s8s.mac,L8S8S,L8SSE6
811,daccpt.mac,DACCPT,CPTCKBK
812,l7z7z.mac,L7Z7Z,L7Z_SCBGRFLR
813,li7i7.mac,LI7I7,LI7NEGR
814,cas_cstone.mac,CAS_CSTONE,CR2688_BFRNE100
815,l3d3d.mac,L3D3D,L3DLPMABA
816,l5z5z.mac,L5Z5Z,L5ZTNN
817,ld0d0.mac,LD0D0,LD0UH12AMTL
818,nfbf.asm,WORKBLK,BIT256KEY
819,le8e8.mac,LE8E8,LE8OT90
820,lwrvp.mac,LWRVP,LWRVPCIAMT
821,bauwk.mac,BAUWK,BAU_SET_MXAMU
822,argrm.mac,ARGRM,ARGREM6
823,wp1p1.mac,WP1P1,WP1DLF04
824,lwraw.mac,LWRAW,LWRAW_CAPCTRAT
825,tgngn.mac,TGNGN,TGN_NAWMXRLC
826,tn0n0.mac,TN0N0,TN0N0_SW071
827,le2e2.mac,LE2E2,LE2GNS1
828,l7b7b.mac,L7B7B,L7BRNB
829,dj77.asm,WRKBLK,ACCM_CM15
830,nl73.asm,ALASW,ALASC_FILEALG
831,lm1m1.mac,LM1M1,LM1BACI
832,ll6l6.mac,LL6L6,LL6PY__
833,tk0k0.mac,TK0K0,TK0QVSAI
834,se26.asm,ALASCBLK,WKAREA4
835,lz04z0.mac,LZ04Z0,LZ042PBS
836,l0g0g.mac,L0G0G,L0GTI1
837,wx8x8.mac,WX8X8,WX8AMC
838,l9i9i.mac,LI9I9,LI9WEKEY
839,l4d4d.mac,L4D4D,L4DRSPR
840,lnrnr.mac,LNRNR,LNRHLF
841,lm3m3.mac,LM3M3,LM3HR05RG3
842,l9k9k.mac,L9K9K,L9KDTJ
843,lkjkj.mac,LKJKJ,LKJCNT1
844,yk2k2.mac,YK2K2,YK2_IP1L
845,vf91.asm,WK_BLOCK,WK_R2SV
846,cmphx.mac,CMPHX,CMPHX_AEMLSKY
847,l7ktg.mac,L7KTG,L7KT_ACC_NUM
848,l0j0j.mac,L0J0J,L0JBSAM
849,l1q1q.mac,L1Q1Q,L1QQOVR
850,lroro.mac,LRORO,LRO_ATP_VRS1
851,xl71.asm,PARMS,PPURG
852,na76.asm,INPREC,INPDYWO
853,aavout.mac,AAVOUT,AAVOT_SDTCD
854,lk9k9.mac,LK9K9,LK9ZMF
855,l7h7h.mac,L7H7H,L7HLND
856,lwrrn.mac,LWRRN,LWRRN_AAV_3I8
857,lwrrc.mac,LWRRC,LWRRC_ZMFFRC04
858,lwrmz.mac,LWRMZ,LWRMZ_CULNBLD1
859,cr41md.mac,CR41MD,CR41MDSEFFRT55
860,lwrdw.mac,LWRDW,LWRDW_ADEVCD12
861,xe74.asm,LWKWK,LWKWK088
862,lb4b4.mac,LB4B4,LB9CFRT2
863,lo3o3.mac,LO3O3,WK_EXT1BF2
864,cmcwrk.mac,CMCWRK,CMCWGRAC
865,lmnmn.mac,LMNMN,LMNCONTI
866,aavwka.mac,AAVWKA,AAVWK_LNL
867,lwrnm.mac,LWRNM,NM_DUKPTKEYSETID
868,fg62.asm,EB0EB,NEGCDS
869,l2929.mac,L2929,L29TMRG
870,zr0ta.mac,ZR0TA,ZR0CNTC
871,lwrnd.mac,LWRND,ND_5CSCLN
872,sdpgl.mac,SDPGL,SDPH1AK
873,wnega.mac,WNEGA,WNCSUBR1
874,fzzzz.mac,FZZZZ,FZZODR
875,l6d6d.mac,L6D6D,L6D40SPR2
876,dacmax.mac,DACMAX,DAMWWCZ
877,l9p9p.mac,L9P9P,L9PCEN
878,end0d0.mac,END0D0,END0_PSWL
879,pbtinq.mac,PBTINQ,PBTRQRFL
880,en0n0.mac,EN0N0,EN02_MEND
881,l3b3b.mac,L3B3B,L3BNEG
882,su86.asm,WORKBLOCK,SU8PTIN
883,l4q4q.mac,L4Q4Q,L4QNUM
884,ge0e0.mac,GE0E0,GE0_08EDV
885,l6o6o.mac,L6O6O,L6O_CVM
886,acawk.mac,ACAWK,ACA_PARS03D
887,lb1b1.mac,LB1B1,LB1AER8
888,lwrls.mac,LWRLS,LWRLS_NWATCV
889,lwrgm.mac,LWRGM,LWRGM_GCPUMERR
890,lwrre.mac,LWRRE,LWRRE_GHSUMRMP
891,lwrpq.mac,LWRPQ,LWRPQ_PCPDSA30
892,lwrcx.mac,LWRCX,LWRCX_CBAM_AGE
893,icnalt.mac,ICNALT,ICN_BASICCM
894,ll2l2.mac,LL2L2,LL2NP2
895,ll5l5.mac,LL5L5,LL5RQS
896,lj2j2.mac,LJ2J2,LJ2SEZIP
897,l0w0w.mac,L0W0W,L0W10KR
898,lm6m6.mac,LM6M6,LM6_HSMUSAGE
899,cmcdac.mac,CMCDAC,CMCREQAMT
900,pf28.asm,APSTACK,APRGSAVE1
901,lg6g6.mac,LG6G6,LG6EFF9
902,t0o0o.mac,T0O0O,T0OTMS
903,lwrg5.mac,LWRG5,LWRG5EIU1
904,gcrres.mac,GCRRES,GCRRP_CUS_PAC
905,wctdata.mac,WCTDATA,WCT_P_PHONELN
906,mvsxf.mac,MVSXF,MVS0NP1
907,l7s7s.mac,L7S7S,L7STRM
908,lv9v9.mac,LV9V9,LV9IUTM
909,lt2t2.mac,LT2T2,LT2CS_ANIF
910,xh95.asm,XH95LDT,XH9553M
911,dacdp.mac,DACDP,DACDP_CREIN
912,l3h3h.mac,L3H3H,L3HNDN
913,l6a6a.mac,L6A6A,L6AFC0
914,dg98.asm,LCUUCU,CUU_SE_BAD_CR43K60
915,wcccs.mac,WCCCS,WCS2SE10
916,cr21oe.mac,CR21OE,CR21OECAP
917,l1212.mac,L1212,L12SAL
918,lswsw.mac,LSWSW,LSWRRN
919,l6t6t.mac,L6T6T,L6TTID
920,jx31.asm,JX31SECT,JX31STYP
921,casdb.mac,CASDB,CASDB_KEY_MSK
922,l0l0l.mac,L0L0L,L0LTSCT
923,laxax.mac,LAXAX,LAX_PRODTYP3
924,lnyny.mac,LNYNY,LNY_ETFL
925,gna00.mac,GNA00,GNA4_1120_ADD
926,rptwk.mac,RPTWK,RPTWK_SAVER13
927,l5q5q.mac,L5Q5Q,L5QCOT
928,lwrm7.mac,LWRM7,LWRM7_SW035
929,ltrtr.mac,LTRTR,LTRPRT
930,lwrch.mac,LWRCH,LWRCH_CLRP5MEC
931,lwrcw.mac,LWRCW,LWRCW_FRLA5
932,ge8e8.mac,GE8E8,GE8_07OFR_TYP
933,da54.asm,XMLTMP,ECMTIN4
934,to72.asm,STATMSG1,STCON10
935,l0z0z.mac,L0Z0Z,L0ZNBR
936,lk6k6.mac,LK6K6,LK6DDS
937,lx9x9.mac,LX9X9,X9CPI9
938,l8v8v.mac,L8V8V,L8VCTL
939,hq56.asm,L5ZOLD,LOOD19
940,clpya.mac,CLPYA,CLPYA_VER
941,acewrk.mac,ACEWRK,ACE06HRS
942,yk00.asm,YK00WRK,YK00VNDCDS
943,ic1c1.mac,IC1C1,IC1_RLAAA2
944,wsusu.mac,WSUSU,WSU_U_MXEXP
945,wf10.asm,WF10WORK,WF10SZIP
946,lm0m0.mac,LM0M0,LM0CS8
947,l5l5l.mac,L5L5L,L5LBCH
948,l5m5m.mac,L5M5M,L5MS10
949,l5g5g.mac,L5G5G,L5GAM2
950,ji29.asm,WKLMAIN,MAP7L
951,li8i8.mac,LI8I8,LI8T1CT
952,lqiqi.mac,LQIQI,LQIBVI
953,lgugu.mac,LGUGU,LGUSOE
954,lrhrh.mac,LRHRH,LRHDED
955,l6y6y.mac,L6Y6Y,L6YSIN
956,ln6n6.mac,LN6N6,LN6GF4
957,cc86.asm,CC86BLK,CC86CNT
958,l4j4j.mac,L4J4J,L4JSE6
959,l0c0c.mac,L0C0C,L0CT3L
960,tm8m8.mac,TM8M8,TM8SW139
961,l7a7a.mac,L7A7A,L7ARDT
962,vzusat.mac,VZUSAT,VZUSAT_LIST_COUNT_STAT
963,wy00.asm,OUTPT_BLK,OUTPT_WDSC
964,l5w5w.mac,L5W5W,L5WACT
965,l3i3i.mac,L3I3I,L3ICD1
966,lr8p1.mac,LR8P1,LR8PACDH
967,hh75.asm,OUTREC,OUTGM0A
968,ed11.asm,ED02AREA,TCCTHBIN
969,l9j9j.mac,L9J9J,L9JLSQ
970,lw6w6.mac,LW6W6,LW6SLI
971,swbwb.mac,SWBWB,SWBSTOD9
972,ld9d9.mac,LD9D9,LD9S3S
973,endwkn.mac,ENDWKN,ENWK_PHN
974,pvawk.mac,PVAWK,PVA_PRM_TXNID3
975,l3e3e.mac,L3E3E,L3EACTNUM
976,lz5z5.mac,LZ5Z5,LZ5REC
977,gp1p1.mac,GP1P1,GP1_RDEC
978,am09.asm,AM9WRK,AM09BAS2
979,lz00z0.mac,LZ00Z0,LZ00CEM
980,wfdss.mac,WFDSS,WFD_IND2
981,l9e9e.mac,L9E9E,L9ERTL
982,l9t9t.mac,L9T9T,L9TMSC
983,icnwk.mac,ICNWK,ICN_REG16
984,lt6t6.mac,LT6T6,LT6PAF9
985,lwrxa.mac,LWRXA,LWRXA_0KRSP
986,ls9s9.mac,LS9S9,LS9RRN
987,lf9f9.mac,LF9F9,LF9PCN
988,yk4k4.mac,YK4K4,YK4_STXN
989,lo7o7.mac,LO7O7,LO7UEC9
990,lt4t4.mac,LT4T4,LT4WKTOD
991,cm80.asm,WORKMSG,CUSACT
992,fi0i0.mac,FI0I0,FI00_SECTRY
993,lsdsd.mac,LSDSD,LSDFRF
994,l1t1t.mac,L1T1T,L1TDSUP
995,ll7l7.mac,LL7L7,LL7TRN
996,cn16.asm,WORKAREA2,CN16_DTAR
997,lb0b0.mac,LB0B0,LB0TTYC
998,bt71.asm,WORKREC,ZCOTSRF
999,fi6i6.mac,FI6I6,FI6_SEADD2
1000,av0av.mac,AV0AV,AV0IRI